{"name":"t:sections.header.name","type":"header","sections":{"announcement_bar_KhLhbM":{"type":"announcement-bar","blocks":{"announcement_Cjyarx":{"type":"announcement","settings":{"text":"FREE SHIPPING ON ORDERS ABOVE $99","link":"","text-transform":false}}},"block_order":["announcement_Cjyarx"],"settings":{"color_scheme":"scheme-3","show_line_separator":false,"show_social":false,"auto_rotate":false,"change_slides_speed":5,"enable_country_selector":false,"enable_language_selector":false}},"top_menu_UrKN9T":{"type":"top-menu","blocks":{"menu_EdtmHf":{"type":"menu","settings":{"menu":"Dandruff Care","link":"#"}},"menu_enJNTe":{"type":"menu","settings":{"menu":"DRY SCALP Care","link":"#"}},"menu_LiUDCw":{"type":"menu","settings":{"menu":"TAKE THE QUIZ","link":"#"}}},"block_order":["menu_EdtmHf","menu_enJNTe","menu_LiUDCw"],"settings":{}},"header":{"type":"header","settings":{"logo_position":"middle-center","menu":"header-menu","menu_type_desktop":"mega","sticky_header_type":"always","show_line_separator":true,"color_scheme":"scheme-1","menu_color_scheme":"scheme-1","enable_country_selector":true,"enable_language_selector":true,"enable_customer_avatar":true,"mobile_logo_position":"center","margin_bottom":0,"padding_top":20,"padding_bottom":20}},"announcement-bar":{"type":"announcement-bar","blocks":{"announcement-bar-0":{"type":"announcement","settings":{"text":"<span class=\"stars\">★★★★★<\/span> 5,000+ Trusted Reviews - 100% Saw Fewer Flakes in 30 Days","link":"","text-transform":true}}},"block_order":["announcement-bar-0"],"settings":{"color_scheme":"scheme-2","show_line_separator":false,"show_social":false,"auto_rotate":false,"change_slides_speed":5,"enable_country_selector":false,"enable_language_selector":false}}},"order":["announcement_bar_KhLhbM","top_menu_UrKN9T","header","announcement-bar"]}