{"sections":{"slideshow_PG9pnm":{"type":"slideshow","blocks":{"slide_9QYfpz":{"type":"slide","settings":{"image":"shopify:\/\/shop_images\/banner-2.jpg","mob-image":"shopify:\/\/shop_images\/mob-banner-2.jpg","heading":"Your scalp’s microbiome is complex. We make it simple.","heading_size":"h1","caption":"#1 Clean Dermatologist-tested","subheading":"Dandruff & Dry Scalp Brand","button_label":"SHOP DANDRUFF CARE","link":"#","button_style_secondary":false,"button_label2":"SHOP DRY-SCALP CARE","link2":"#","button_style_secondary2":false,"box_align":"middle-center","show_text_box":false,"text_alignment":"center","image_overlay_opacity":0,"color_scheme":"scheme-1","text_alignment_mobile":"center"}},"slide_rtiEiK":{"type":"slide","settings":{"image":"shopify:\/\/shop_images\/banner-image.jpg","mob-image":"shopify:\/\/shop_images\/mobile-banner.jpg","heading":"Your scalp’s microbiome is complex. We make it simple.","heading_size":"h1","caption":"#1 Clean Dermatologist-tested","subheading":"Dandruff & Dry Scalp Brand","button_label":"SHOP DANDRUFF CARE","link":"#","button_style_secondary":false,"button_label2":"SHOP DRY-SCALP CARE","link2":"#","button_style_secondary2":false,"box_align":"middle-center","show_text_box":false,"text_alignment":"center","image_overlay_opacity":0,"color_scheme":"scheme-1","text_alignment_mobile":"center"}}},"block_order":["slide_9QYfpz","slide_rtiEiK"],"settings":{"layout":"full_bleed","slide_height":"adapt_image","slider_visual":"dots","auto_rotate":false,"change_slides_speed":5,"image_behavior":"none","show_text_below":false,"accessibility_info":"Slideshow about our brand"}},"infographic_fRmCRx":{"type":"infographic","blocks":{"left_point_Fj9yrx":{"type":"left-point","settings":{"highlight_title":"Color & Keratin-safe","highlight_text":"Lorem ipsum dolor sit amet, consectetur adipiscing elit.","highlight_icon":"shopify:\/\/shop_images\/icon_1921b357-48f1-4c52-9461-1b2d1a3479a8.png"}},"left_point_ctLPJb":{"type":"left-point","settings":{"highlight_title":"No synthetic fragrances","highlight_text":"Lorem ipsum dolor sit amet, consectetur adipiscing elit.","highlight_icon":"shopify:\/\/shop_images\/icon_1921b357-48f1-4c52-9461-1b2d1a3479a8.png"}},"right_point_Engg6q":{"type":"right-point","settings":{"highlight_title":"Gentle formulas","highlight_text":"Lorem ipsum dolor sit amet, consectetur adipiscing elit.","highlight_icon":"shopify:\/\/shop_images\/icon_1921b357-48f1-4c52-9461-1b2d1a3479a8.png"}},"right_point_7pRXCB":{"type":"right-point","settings":{"highlight_title":"Sulfate-free","highlight_text":"Lorem ipsum dolor sit amet, consectetur adipiscing elit.","highlight_icon":"shopify:\/\/shop_images\/icon_1921b357-48f1-4c52-9461-1b2d1a3479a8.png"}}},"block_order":["left_point_Fj9yrx","left_point_ctLPJb","right_point_Engg6q","right_point_7pRXCB"],"settings":{"product_image":"shopify:\/\/shop_images\/highlight-image.png","heading":"Dandruff or dry scalp, we deliver guaranteed results without compromises.","color_scheme":"scheme-4","padding_top":60,"padding_bottom":40}},"quality_transformation_nnPK8w":{"type":"quality-transformation","blocks":{"block_NP6qDU":{"type":"block","settings":{"percentage":"100%","title":"saw fewer flakes"}},"block_LXW9db":{"type":"block","settings":{"percentage":"100%","title":"felt less itching"}},"block_m8zGig":{"type":"block","settings":{"percentage":"83%","title":"said hair appeared thicker"}},"block_VhF8Lj":{"type":"block","settings":{"percentage":"82%","title":"less breakage"}}},"block_order":["block_NP6qDU","block_LXW9db","block_m8zGig","block_VhF8Lj"],"settings":{"bg-image":"shopify:\/\/shop_images\/quality-transform.jpg","subheading":"salon-quality","heading":"A 30 day transformation","heading_size":"h1","image":"shopify:\/\/shop_images\/vectorr.png","color_scheme":"scheme-4","padding_top":20,"padding_bottom":40}},"brand_marquee_3ddxr7":{"type":"brand-marquee","blocks":{"image_bXgU3J":{"type":"image","settings":{"image":"shopify:\/\/shop_images\/fc-logo.png","link":""}},"image_M6FrVk":{"type":"image","settings":{"image":"shopify:\/\/shop_images\/bi-logo.png","link":""}},"image_jkE3jq":{"type":"image","settings":{"image":"shopify:\/\/shop_images\/fc-logo.png","link":""}},"image_NGUJwh":{"type":"image","settings":{"image":"shopify:\/\/shop_images\/bi-logo.png","link":""}},"image_Rnytga":{"type":"image","settings":{"image":"shopify:\/\/shop_images\/fc-logo.png","link":""}},"image_67rUwi":{"type":"image","settings":{"image":"shopify:\/\/shop_images\/bi-logo.png","link":""}}},"block_order":["image_bXgU3J","image_M6FrVk","image_jkE3jq","image_NGUJwh","image_Rnytga","image_67rUwi"],"settings":{"top_border":false,"bottom_border":true,"border_color":"#333333","color_scheme":"scheme-4","padding_top":40,"padding_bottom":60}},"customer_results_nj7xtk":{"type":"customer-results","blocks":{"testimonial_igAnXA":{"type":"testimonial","settings":{"customer_name":"Jane Blunt","customer_age":"35","customer_condition":"Dry Scalp, Rough Texture","testimonial_text":"“I’ve been using the shampoo and the conditioner every time I wash my hair, and my scalp and hair have never felt better. I love it.”","before_image":"shopify:\/\/shop_images\/before-image.jpg","after_image":"shopify:\/\/shop_images\/after-image.jpg"}},"testimonial_4paWhk":{"type":"testimonial","settings":{"customer_name":"Jane Blunt","customer_age":"35","customer_condition":"Dry Scalp, Rough Texture","testimonial_text":"“I’ve been using the shampoo and the conditioner every time I wash my hair, and my scalp and hair have never felt better. I love it.”","before_image":"shopify:\/\/shop_images\/before-image.jpg","after_image":"shopify:\/\/shop_images\/after-image.jpg"}}},"block_order":["testimonial_igAnXA","testimonial_4paWhk"],"settings":{}},"info_timeline_J3mce9":{"type":"info-timeline","blocks":{"text_7Pj8Pc":{"type":"text","settings":{"title":"No more guesswork.","content":"<p>Guided, proven systems based on your individual needs, for all hair types. <\/p>","btn-text":"saw fewer flakes","link":"#"}},"text_xxhP4R":{"type":"text","settings":{"title":"No more guesswork.","content":"<p>Guided, proven systems based on your individual needs, for all hair types. <\/p>","btn-text":"","link":""}},"text_pitHgR":{"type":"text","settings":{"title":"No more guesswork.","content":"<p>Guided, proven systems based on your individual needs, for all hair types. <\/p>","btn-text":"","link":""}}},"block_order":["text_7Pj8Pc","text_xxhP4R","text_pitHgR"],"settings":{"heading":"We're not about pseudoscience and half-truths.","image":"shopify:\/\/shop_images\/timeline-img_1.jpg","color_scheme":"scheme-2","padding_top":0,"padding_bottom":0}},"dermatologist_slider_DyJGhM":{"type":"dermatologist-slider","blocks":{"review_bTRhQt":{"type":"review","settings":{"doctor_image":"shopify:\/\/shop_images\/dermatologist.jpg","doctor_avatar":"shopify:\/\/shop_images\/dermatologist-avtar.jpg","doctor_name":"Dr. John Doe","doctor_title":"Dermatologist","review_text":"Lorem ipsum dolor sit amet consectetur. Viverra ut ullamcorper nunc quam placerat. Mollis penatibus hendrerit lectus netus eget a vel consequat. Ornare eu sem ultrices at vitae venenatis viverra est posuere. Massa scelerisque tellus non tempor lorem."}},"review_mMH93f":{"type":"review","settings":{"doctor_image":"shopify:\/\/shop_images\/dermatologist.jpg","doctor_avatar":"shopify:\/\/shop_images\/dermatologist-avtar.jpg","doctor_name":"Dr. John Doe","doctor_title":"Dermatologist","review_text":"Lorem ipsum dolor sit amet consectetur. Viverra ut ullamcorper nunc quam placerat. Mollis penatibus hendrerit lectus netus eget a vel consequat. Ornare eu sem ultrices at vitae venenatis viverra est posuere. Massa scelerisque tellus non tempor lorem."}},"review_7pRygd":{"type":"review","settings":{"doctor_image":"shopify:\/\/shop_images\/dermatologist.jpg","doctor_avatar":"shopify:\/\/shop_images\/dermatologist-avtar.jpg","doctor_name":"Dr. John Doe","doctor_title":"Dermatologist","review_text":"Lorem ipsum dolor sit amet consectetur. Viverra ut ullamcorper nunc quam placerat. Mollis penatibus hendrerit lectus netus eget a vel consequat. Ornare eu sem ultrices at vitae venenatis viverra est posuere. Massa scelerisque tellus non tempor lorem."}},"review_UW8HGC":{"type":"review","settings":{"doctor_image":"shopify:\/\/shop_images\/dermatologist.jpg","doctor_avatar":"shopify:\/\/shop_images\/dermatologist-avtar.jpg","doctor_name":"Dr. John Doe","doctor_title":"Dermatologist","review_text":"Lorem ipsum dolor sit amet consectetur. Viverra ut ullamcorper nunc quam placerat. Mollis penatibus hendrerit lectus netus eget a vel consequat. Ornare eu sem ultrices at vitae venenatis viverra est posuere. Massa scelerisque tellus non tempor lorem."}},"review_fam6QW":{"type":"review","settings":{"doctor_image":"shopify:\/\/shop_images\/dermatologist.jpg","doctor_avatar":"shopify:\/\/shop_images\/dermatologist-avtar.jpg","doctor_name":"Dr. John Doe","doctor_title":"Dermatologist","review_text":"Lorem ipsum dolor sit amet consectetur. Viverra ut ullamcorper nunc quam placerat. Mollis penatibus hendrerit lectus netus eget a vel consequat. Ornare eu sem ultrices at vitae venenatis viverra est posuere. Massa scelerisque tellus non tempor lorem."}}},"block_order":["review_bTRhQt","review_mMH93f","review_7pRygd","review_UW8HGC","review_fam6QW"],"settings":{"subheading":"#1 Clean Dermatologist-tested","heading":"Backed by Dermatologists ","heading_size":"h1","bottom_border":true,"border_color":"#d9d0be","color_scheme":"scheme-1","padding_top":60,"padding_bottom":60}},"banner_image_rnfFc9":{"type":"banner-image","settings":{"title":"Us vs Them","heading_size":"h1","description":"<p>Lorem ipsum dolor sit amet consectetur. Quam donec lectus in.<\/p>","desk-image":"shopify:\/\/shop_images\/table-desk.png","mob-image":"shopify:\/\/shop_images\/mob-image.png","color_scheme":"scheme-4","padding_top":40,"padding_bottom":60}},"collection_tabs_6tztT3":{"type":"collection-tabs","blocks":{"collection_eiVYX7":{"type":"collection","settings":{"heading":"Shop All","collection":"frontpage"}},"collection_giYUUd":{"type":"collection","settings":{"heading":"Shampoo","collection":"shampoo"}},"collection_6pCUDw":{"type":"collection","settings":{"heading":"Conditioners","collection":"conditioners"}},"collection_aqC4JV":{"type":"collection","settings":{"heading":"Leave-On","collection":"leave-on"}},"collection_xcVzyG":{"type":"collection","settings":{"heading":"Exfoliators","collection":"exfoliators"}}},"block_order":["collection_eiVYX7","collection_giYUUd","collection_6pCUDw","collection_aqC4JV","collection_xcVzyG"],"settings":{"heading":"Discover by Category","heading_size":"h1","badge-image":"shopify:\/\/shop_images\/blog-badge.png","products_to_show":4,"enable_slider":true,"show_secondary_image":true,"show_rating":true,"quick_add":"standard","color_scheme":"scheme-4","padding_top":20,"padding_bottom":40}},"take_quiz_VTiKUw":{"type":"take-quiz","settings":{"quiz_image":"shopify:\/\/shop_images\/phone.png","badge_text":"SALON-QUALITY","heading":"Lorem ipsum dolor sit amet consectetur. Pellentesque.","description":"<p>Lorem ipsum dolor sit amet consectetur. Viverra ut ullamcorper nunc quam placerat. Mollis penatibus hendrerit lectus netus eget a vel consequat. Ornare eu sem ultrices at vitae venenatis viverra est posuere. <\/p>","quiz_link":"","vector_img":"shopify:\/\/shop_images\/vector.png","color_scheme":"scheme-4","padding_top":60,"padding_bottom":0}},"faq_JbNdBE":{"type":"faq","blocks":{"question_3j3q9Y":{"type":"question","settings":{"question":"What conditions does Jupiter treat?","answer":"<p>Jupiter’s Balancing Shampoo and Restoring Serum are scientifically formulated to treat dandruff, and the flaking and itching that comes with it. Our Zinc Pyrithione based shampoo and serum decrease dandruff on the scalp (woohoo 🥳).<\/p>"}},"question_gGVajy":{"type":"question","settings":{"question":"What conditions does Jupiter treat?","answer":"<p>Jupiter’s Balancing Shampoo and Restoring Serum are scientifically formulated to treat dandruff, and the flaking and itching that comes with it. Our Zinc Pyrithione based shampoo and serum decrease dandruff on the scalp (woohoo 🥳).<\/p>"}},"question_jmVKP9":{"type":"question","settings":{"question":"What conditions does Jupiter treat?","answer":"<p>Jupiter’s Balancing Shampoo and Restoring Serum are scientifically formulated to treat dandruff, and the flaking and itching that comes with it. Our Zinc Pyrithione based shampoo and serum decrease dandruff on the scalp (woohoo 🥳).<\/p>"}},"question_XyAqhG":{"type":"question","settings":{"question":"What conditions does Jupiter treat?","answer":"<p>Jupiter’s Balancing Shampoo and Restoring Serum are scientifically formulated to treat dandruff, and the flaking and itching that comes with it. Our Zinc Pyrithione based shampoo and serum decrease dandruff on the scalp (woohoo 🥳).<\/p>"}},"question_DLnpxL":{"type":"question","settings":{"question":"What conditions does Jupiter treat?","answer":"<p>Jupiter’s Balancing Shampoo and Restoring Serum are scientifically formulated to treat dandruff, and the flaking and itching that comes with it. Our Zinc Pyrithione based shampoo and serum decrease dandruff on the scalp (woohoo 🥳).<\/p>"}}},"block_order":["question_3j3q9Y","question_gGVajy","question_jmVKP9","question_XyAqhG","question_DLnpxL"],"settings":{"heading":"Frequenty Asked Questions","heading_size":"h1","bottom_border":true,"border_color":"#333333","color_scheme":"scheme-4","padding_top":60,"padding_bottom":60}},"featured_blog_CHdkBM":{"type":"featured-blog","settings":{"heading":"Blog Articles","heading_size":"h1","blog-badge":"shopify:\/\/shop_images\/blog-badge.png","blog":"news","post_limit":4,"columns_desktop":3,"color_scheme":"scheme-4","enable_slider":true,"btn-text":"KEEP READING","show_image":true,"show_date":false,"show_author":false,"show_view_all":true,"padding_top":40,"padding_bottom":32}},"instagram_gallery_Y377iG":{"type":"instagram-gallery","blocks":{"image_ACdDXR":{"type":"image","settings":{"image":"shopify:\/\/shop_images\/blog-image.jpg"}},"image_neCqhH":{"type":"image","settings":{"image":"shopify:\/\/shop_images\/blog-image.jpg"}},"image_RVftqh":{"type":"image","settings":{"image":"shopify:\/\/shop_images\/blog-image.jpg"}},"image_Tr9Jqq":{"type":"image","settings":{"image":"shopify:\/\/shop_images\/blog-image.jpg"}},"image_MPf3PF":{"type":"image","settings":{"image":"shopify:\/\/shop_images\/blog-image.jpg"}},"image_atzEgf":{"type":"image","settings":{"image":"shopify:\/\/shop_images\/blog-image.jpg"}},"image_TgNRWh":{"type":"image","settings":{"image":"shopify:\/\/shop_images\/blog-image.jpg"}}},"block_order":["image_ACdDXR","image_neCqhH","image_RVftqh","image_Tr9Jqq","image_MPf3PF","image_atzEgf","image_TgNRWh"],"settings":{"heading":"Real fans. Real results.","subtext":"Share the love by tagging @hellojupiter","button_link":"","top_border":true,"border_color":"#333333","color_scheme":"scheme-4","padding_top":32,"padding_bottom":60}}},"order":["slideshow_PG9pnm","infographic_fRmCRx","quality_transformation_nnPK8w","brand_marquee_3ddxr7","customer_results_nj7xtk","info_timeline_J3mce9","dermatologist_slider_DyJGhM","banner_image_rnfFc9","collection_tabs_6tztT3","take_quiz_VTiKUw","faq_JbNdBE","featured_blog_CHdkBM","instagram_gallery_Y377iG"]}